source,subject_id,n,score_mean,score_std,high_pct
e4infer,S2,261,54.53313275143819,20.531523650161436,0.3524904214559387
