source,subject_id,n,score_mean,score_std,high_pct
e4infer,S10,226,55.034962112974256,20.818075816417046,0.3805309734513274
