source,subject_id,n,score_mean,score_std,high_pct
e4infer,S7,215,55.439077327227125,20.732157624848597,0.42790697674418604
