source,subject_id,n,score_mean,score_std,high_pct
e4infer,S15,220,54.32412257575966,20.8589291472917,0.34545454545454546
