source,subject_id,n,score_mean,score_std,high_pct
e4infer,S11,213,54.937264619904255,21.305803982391833,0.39906103286384975
