source,subject_id,n,score_mean,score_std,high_pct
e4infer,S17,239,54.754365164789434,21.35246921948452,0.4100418410041841
