source,subject_id,n,score_mean,score_std,high_pct
e4infer,S14,231,54.767231312423334,21.12669595515296,0.36796536796536794
