source,subject_id,n,score_mean,score_std,high_pct
e4infer,S6,276,54.42720968005518,21.096582617687808,0.42391304347826086
