source,subject_id,n,score_mean,score_std,high_pct
e4infer,S9,206,55.01122147113009,21.634771867503947,0.4174757281553398
