source,subject_id,n,score_mean,score_std,high_pct
e4infer,S16,235,55.53906462549404,21.766502333723132,0.4127659574468085
