source,subject_id,n,score_mean,score_std,high_pct
e4infer,S4,265,54.6854727803419,21.31517281242734,0.3660377358490566
