source,subject_id,n,score_mean,score_std,high_pct
e4infer,S8,219,54.86691312525778,21.69459988338343,0.3744292237442922
