source,subject_id,n,score_mean,score_std,high_pct
e4infer,S3,256,55.15727350648046,21.27054483788409,0.41015625
